Start position, Stop position,DNA sequence,Amino acid sequence
[41, 146, ATGAAACACTCCAGCAAAAACATACAAAAAGAATATCGTCAAGACAACTCCTGGACGAAACTTTGCATAATAATAGCCAGTACCTTTCCACTTTGGAAACCCCTT, MKHSSKNIQKEYRQDNSWTKLCIIIASTFPLWKPL]
[175, 310, ATGATTGATCACGAAGAATGTTACCAACTAGCGATAATCTTTGAAATCTCTCTTCCGCTTGTTTCTTCAAAGCTTTTGAAGCTCCAGAAAATTTATCAGGATGCAATAAACGTGATTTCTTTCTATATGCTTTGT, MIDHEECYQLAIIFEISLPLVSSKLLKLQKIYQDAINVISFYMLC]
[355, 448, ATGAATAAAATGAAGTACCTTCACCTAAATCCTGCTGAATTTTATCATTCAAGTTAAATATTTCATAATCTTCGGGTGACCAATTTGATGCCC, MNKMKYLHLNPAEFYHSSIFHNLRVTNLMP]
[364, 448, ATGAAGTACCTTCACCTAAATCCTGCTGAATTTTATCATTCAAGTTAAATATTTCATAATCTTCGGGTGACCAATTTGATGCCC, MKYLHLNPAEFYHSSIFHNLRVTNLMP]
[828, 1533, ATGGAATTTTATAATGGGGCCAAGATGGCATGGATTTGTTATGGTGTTATCTTTCCACATCCTAAGATTGCCAAACACACGTCATATTCTCTACTCATATTATCATGGTGCTTGATGAATCTAATTCATTTTAGTTATCATGCATTTAGGACTAAGACCCGTGGATCGCCATATTGGCTATTCTGGTTACATTACCATCATTTTTACGTAACATTCCCCCTAGCCTTTTCAGCCGAGATGATATTAATATTCTTAGCTCTTGCATTTGTTAAAGAGAAACTGTATTATGAATTATTTTTGAAGGCGGTATTACTAAGTTACGTTCCAGTTGGATACTTTACTTGGGGTTATTTAACGTTAAGAAAAGTAAATAAATTTGATGAAGTTTTGCAAAGGAAAAGGGAGAGTAGACCATCTCGACCACAAGAGGGTTTGCAAGTAGCTGTATCTGCATCTGCTGTATCTTCTATTGCAGAGGAATTTGAATTAAGAGGAATTAATACCAGTTAAGAGTCTCCAAGTGTTTATTGCGATAATCTCAATGTGCTTACTTTCAGCTGTATTATTATATATAATTGTACGTGTATGTTTGTATATATTATGGCACCATGCTATCTAGAATCTCTTTATATTCCATCCACCAATGTAATATATACAAATGGTCTCAAAACAGATTCACATATTCTTCTCTTCCCGTCAGAATTA, MEFYNGAKMAWICYGVIFPHPKIAKHTSYSLLILSWCLMNLIHFSYHAFRTKTRGSPYWLFWLHYHHFYVTFPLAFSAEMILIFLALAFVKEKLYYELFLKAVLLSYVPVGYFTWGYLTLRKVNKFDEVLQRKRESRPSRPQEGLQVAVSASAVSSIAEEFELRGINTSESPSVYCDNLNVLTFSCIIIYNCTCMFVYIMAPCYLESLYIPSTNVIYTNGLKTDSHILLFPSEL]
[841, 940, ATGGGGCCAAGATGGCATGGATTTGTTATGGTGTTATCTTTCCACATCCTAAGATTGCCAAACACACGTCATATTCTCTACTCATATTATCATGGTGCT, MGPRWHGFVMVLSFHILRLPNTRHILYSYYHGA]
[852, 1533, ATGGCATGGATTTGTTATGGTGTTATCTTTCCACATCCTAAGATTGCCAAACACACGTCATATTCTCTACTCATATTATCATGGTGCTTGATGAATCTAATTCATTTTAGTTATCATGCATTTAGGACTAAGACCCGTGGATCGCCATATTGGCTATTCTGGTTACATTACCATCATTTTTACGTAACATTCCCCCTAGCCTTTTCAGCCGAGATGATATTAATATTCTTAGCTCTTGCATTTGTTAAAGAGAAACTGTATTATGAATTATTTTTGAAGGCGGTATTACTAAGTTACGTTCCAGTTGGATACTTTACTTGGGGTTATTTAACGTTAAGAAAAGTAAATAAATTTGATGAAGTTTTGCAAAGGAAAAGGGAGAGTAGACCATCTCGACCACAAGAGGGTTTGCAAGTAGCTGTATCTGCATCTGCTGTATCTTCTATTGCAGAGGAATTTGAATTAAGAGGAATTAATACCAGTTAAGAGTCTCCAAGTGTTTATTGCGATAATCTCAATGTGCTTACTTTCAGCTGTATTATTATATATAATTGTACGTGTATGTTTGTATATATTATGGCACCATGCTATCTAGAATCTCTTTATATTCCATCCACCAATGTAATATATACAAATGGTCTCAAAACAGATTCACATATTCTTCTCTTCCCGTCAGAATTA, MAWICYGVIFPHPKIAKHTSYSLLILSWCLMNLIHFSYHAFRTKTRGSPYWLFWLHYHHFYVTFPLAFSAEMILIFLALAFVKEKLYYELFLKAVLLSYVPVGYFTWGYLTLRKVNKFDEVLQRKRESRPSRPQEGLQVAVSASAVSSIAEEFELRGINTSESPSVYCDNLNVLTFSCIIIYNCTCMFVYIMAPCYLESLYIPSTNVIYTNGLKTDSHILLFPSEL]
[857, 959, ATGGATTTGTTATGGTGTTATCTTTCCACATCCTAAGATTGCCAAACACACGTCATATTCTCTACTCATATTATCATGGTGCTTGATGAATCTAATTCATTT, MDLLWCYLSTSDCQTHVIFSTHIIMVLDESNSF]
[942, 1533, ATGAATCTAATTCATTTTAGTTATCATGCATTTAGGACTAAGACCCGTGGATCGCCATATTGGCTATTCTGGTTACATTACCATCATTTTTACGTAACATTCCCCCTAGCCTTTTCAGCCGAGATGATATTAATATTCTTAGCTCTTGCATTTGTTAAAGAGAAACTGTATTATGAATTATTTTTGAAGGCGGTATTACTAAGTTACGTTCCAGTTGGATACTTTACTTGGGGTTATTTAACGTTAAGAAAAGTAAATAAATTTGATGAAGTTTTGCAAAGGAAAAGGGAGAGTAGACCATCTCGACCACAAGAGGGTTTGCAAGTAGCTGTATCTGCATCTGCTGTATCTTCTATTGCAGAGGAATTTGAATTAAGAGGAATTAATACCAGTTAAGAGTCTCCAAGTGTTTATTGCGATAATCTCAATGTGCTTACTTTCAGCTGTATTATTATATATAATTGTACGTGTATGTTTGTATATATTATGGCACCATGCTATCTAGAATCTCTTTATATTCCATCCACCAATGTAATATATACAAATGGTCTCAAAACAGATTCACATATTCTTCTCTTCCCGTCAGAATTA, MNLIHFSYHAFRTKTRGSPYWLFWLHYHHFYVTFPLAFSAEMILIFLALAFVKEKLYYELFLKAVLLSYVPVGYFTWGYLTLRKVNKFDEVLQRKRESRPSRPQEGLQVAVSASAVSSIAEEFELRGINTSESPSVYCDNLNVLTFSCIIIYNCTCMFVYIMAPCYLESLYIPSTNVIYTNGLKTDSHILLFPSEL]
[967, 1066, ATGCATTTAGGACTAAGACCCGTGGATCGCCATATTGGCTATTCTGGTTACATTACCATCATTTTTACGTAACATTCCCCCTAGCCTTTTCAGCCGAGA, MHLGLRPVDRHIGYSGYITIIFTHSPPFQPR]
[1065, 1533, ATGATATTAATATTCTTAGCTCTTGCATTTGTTAAAGAGAAACTGTATTATGAATTATTTTTGAAGGCGGTATTACTAAGTTACGTTCCAGTTGGATACTTTACTTGGGGTTATTTAACGTTAAGAAAAGTAAATAAATTTGATGAAGTTTTGCAAAGGAAAAGGGAGAGTAGACCATCTCGACCACAAGAGGGTTTGCAAGTAGCTGTATCTGCATCTGCTGTATCTTCTATTGCAGAGGAATTTGAATTAAGAGGAATTAATACCAGTTAAGAGTCTCCAAGTGTTTATTGCGATAATCTCAATGTGCTTACTTTCAGCTGTATTATTATATATAATTGTACGTGTATGTTTGTATATATTATGGCACCATGCTATCTAGAATCTCTTTATATTCCATCCACCAATGTAATATATACAAATGGTCTCAAAACAGATTCACATATTCTTCTCTTCCCGTCAGAATTA, MILIFLALAFVKEKLYYELFLKAVLLSYVPVGYFTWGYLTLRKVNKFDEVLQRKRESRPSRPQEGLQVAVSASAVSSIAEEFELRGINTSESPSVYCDNLNVLTFSCIIIYNCTCMFVYIMAPCYLESLYIPSTNVIYTNGLKTDSHILLFPSEL]
[1207, 1315, ATGAAGTTTTGCAAAGGAAAAGGGAGAGTAGACCATCTCGACCACAAGAGGGTTTGCAAGTAGCTGTATCTGCATCTGCTGTATCTTCTATTGCAGAGGAATTTGAAT, MKFCKGKGRVDHLDHKRVCKLYLHLLYLLLQRNLN]
[1369, 1444, ATGTGCTTACTTTCAGCTGTATTATTATATATAATTGTACGTGTATGTTTGTATATATTATGGCACCATGCTATC, MCLLSAVLLYIIVRVCLYILWHHAI]
[1413, 1533, ATGTTTGTATATATTATGGCACCATGCTATCTAGAATCTCTTTATATTCCATCCACCAATGTAATATATACAAATGGTCTCAAAACAGATTCACATATTCTTCTCTTCCCGTCAGAATTA, MFVYIMAPCYLESLYIPSTNVIYTNGLKTDSHILLFPSEL]
[1428, 1533, ATGGCACCATGCTATCTAGAATCTCTTTATATTCCATCCACCAATGTAATATATACAAATGGTCTCAAAACAGATTCACATATTCTTCTCTTCCCGTCAGAATTA, MAPCYLESLYIPSTNVIYTNGLKTDSHILLFPSEL]
[1436, 1571, ATGCTATCTAGAATCTCTTTATATTCCATCCACCAATGTAATATATACAAATGGTCTCAAAACAGATTCACATATTCTTCTCTTCCCGTCAGAATTATGAGAATGTTACTCCGGGTTTATAACTGGACCCAAGAA, MLSRISLYSIHQCNIYKWSQNRFTYSSLPVRIMRMLLRVYNWTQE]
[1615, 1702, ATGATGTAAACATTTTATGTCCGTGAAGTGTTGCATATTCTGAAAGTATGTCTTAATTTAAAAAATTAAATTGCAGTCATCACAGTT, MMTFYVREVLHILKVCLNLKNIAVITV]
[1618, 1702, ATGTAAACATTTTATGTCCGTGAAGTGTTGCATATTCTGAAAGTATGTCTTAATTTAAAAAATTAAATTGCAGTCATCACAGTT, MTFYVREVLHILKVCLNLKNIAVITV]
[1662, 1767, ATGTCTTAATTTAAAAAATTAAATTGCAGTCATCACAGTTTAGTGCTATCCAGTTCGTTAATATCTTCATTAGATATTCGTGTATGTTCCTTTCTGTTATCATAT, MSFKKLNCSHHSLVLSSSLISSLDIRVCSFLLSY]
[-1765, -1675, ATGATAACAGAAAGGAACATACACGAATATCTAATGAAGATATTAACGAACTGGATAGCACTAAACTGTGATGACTGCAATTTAATTTTT, MITERNIHEYLMKILTNWIALNCDDCNLIF]
[-1651, -1555, ATGCAACACTTCACGGACATAAAATGTTTACATCATGCTACTGATTACTTGAAATGTGCTTTTTCTTTTAGGTTCATCTATTCTTGGGTCCAGTTA, MQHFTDIKCLHHATDYLKCAFSFRFIYSWVQL]
[-1465, -1384, ATGGAATATAAAGAGATTCTAGATAGCATGGTGCCATAATATATACAAACATACACGTACAATTATATATAATAATACAGC, MEYKEILDSMVPYIQTYTYNYIYS]
[-1438, -1297, ATGGTGCCATAATATATACAAACATACACGTACAATTATATATAATAATACAGCTGAAAGTAAGCACATTGAGATTATCGCAATAAACACTTGGAGACTCTTAACTGGTATTAATTCCTCTTAATTCAAATTCCTCTGCAA, MVPYIQTYTYNYIYSKAHDYRNKHLETLNWYFLLIQIPLQ]
[-1282, -1168, ATGCAGATACAGCTACTTGCAAACCCTCTTGTGGTCGAGATGGTCTACTCTCCCTTTTCCTTTGCAAAACTTCATCAAATTTATTTACTTTTCTTAACGTTAAATAACCCCAAG, MQIQLLANPLVVEMVYSPFSFAKLHQIYLLFLTLNNPK]
[-1243, -1168, ATGGTCTACTCTCCCTTTTCCTTTGCAAAACTTCATCAAATTTATTTACTTTTCTTAACGTTAAATAACCCCAAG, MVYSPFSFAKLHQIYLLFLTLNNPK]
[-1093, -976, ATGCAAGAGCTAAGAATATTAATATCATCTCGGCTGAAAAGGCTAGGGGGAATGTTACGTAAAAATGATGGTAATGTAACCAGAATAGCCAATATGGCGATCCACGGGTCTTAGTCC, MQELRILISSRLKRLGGMLRKNDGNVTRIANMAIHGSS]
[-888, -576, ATGTGGAAAGATAACACCATAACAAATCCATGCCATCTTGGCCCCATTATAAAATTCCATAAATCACTTAGCACCAACGTGCTTTTAACTAACGTCTTAGTCACGAAGAAACAAACAAATGGTATTAAAGAAACAACGTGGAAAAAATCTGCAATCCCACCTGGCAAAAACTTTCTACCAACCAAAGGTAACAAGATTAGAAATCTACCTAAACAGCAAAACCATAGAGTGGCAGCAACTGAATTAAAGAAGAATACGAATTTGAGGTTTGTAGTTAGTGGGTACAACTTAAGATCTCTATTTATATCGCGA, MWKDNTITNPCHLGPIIKFHKSLSTNVLLTNVLVTKKQTNGIKETTWKKSAIPPGKNFLPTKGNKIRNLPKQQNHRVAATELKKNTNLRFVVSGYNLRSLFISR]
[-859, -649, ATGCCATCTTGGCCCCATTATAAAATTCCATAAATCACTTAGCACCAACGTGCTTTTAACTAACGTCTTAGTCACGAAGAAACAAACAAATGGTATTAAAGAAACAACGTGGAAAAAATCTGCAATCCCACCTGGCAAAAACTTTCTACCAACCAAAGGTAACAAGATTAGAAATCTACCTAAACAGCAAAACCATAGAGTGGCAGCAAC, MPSWPHYKIPITHQRAFNRLSHEETNKWYRNNVEKICNPTWQKLSTNQRQDKSTTAKPSGSN]
[-770, -644, ATGGTATTAAAGAAACAACGTGGAAAAAATCTGCAATCCCACCTGGCAAAAACTTTCTACCAACCAAAGGTAACAAGATTAGAAATCTACCTAAACAGCAAAACCATAGAGTGGCAGCAACTGAAT, MVLKKQRGKNLQSHLAKTFYQPKVTRLEIYLNSKTIEWQQLN]
[-357, -273, ATGGTTGGGTTTACCACAAGGACCTAAAGCTTCTCTACAAGAGATCAACAAAGCATATAGAAAGAAATCACGTTTATTGCATCC, MVGFTTRTSFSTRDQQSIKEITFIAS]
[-163, -31, ATGATTTTTTCTATTCAAAGGGGTTTCCAAAGTGGAAAGGTACTGGCTATTATTATGCAAAGTTTCGTCCAGGAGTTGTCTTGACGATATTCTTTTTGTATGTTTTTGCTGGAGTGTTTCATTATATTGCCT, MIFSIQRGFQSGKVLAIIMQSFVQELSRYSFCMFLLECFIILP]
[-109, -31, ATGCAAAGTTTCGTCCAGGAGTTGTCTTGACGATATTCTTTTTGTATGTTTTTGCTGGAGTGTTTCATTATATTGCCT, MQSFVQELSRYSFCMFLLECFIILP]
